month_key,ASEAN,China,Europe,India,AOT,AAV,MINT,CENTEL
2015-01-01,596555,657267,728136,77937,,,,
2015-02-01,579475,904926,641630,69790,28.761016845703125,4.527886390686035,28.577495574951172,30.046363830566406
2015-03-01,647044,775219,568580,77942,27.429487228393555,4.4448065757751465,26.803720474243164,27.61614418029785
2015-04-01,666839,830382,383665,83378,24.855199813842773,4.154024600982666,27.593639373779297,28.941720962524414
2015-05-01,705864,785992,274093,108515,25.742881774902344,3.987863063812256,28.818437576293945,29.954336166381836
2015-06-01,714129,764405,268238,97570,26.591381072998047,3.904783010482788,26.635225296020508,32.86035919189453
2015-07-01,693865,921935,408464,85980,27.037546157836914,3.65554141998291,26.19858169555664,33.30743408203125
2015-08-01,648951,932066,387096,81687,26.234445571899414,4.054327964782715,25.543615341186523,33.30743408203125
2015-09-01,609297,611871,285830,86896,24.628259658813477,3.6056931018829346,23.142078399658203,31.519115447998047
2015-10-01,640712,658207,399079,87248,25.07442283630371,3.6702778339385986,25.10697364807129,33.53097915649414
2015-11-01,704477,713418,553796,88309,26.591381072998047,3.925158739089966,26.635225296020508,33.97805404663086
2015-12-01,872084,740297,716751,94164,27.75140380859375,3.8741824626922607,32.09326171875,40.46071243286133
2016-01-01,656830,914908,744752,82434,31.353973388671875,4.460407733917236,31.656618118286133,39.3430061340332
2016-02-01,686858,1094672,707641,66642,34.25376510620117,4.8427276611328125,29.473405838012695,35.319297790527344
2016-03-01,788838,869170,645852,82740,36.1567497253418,4.332967281341553,31.43829345703125,35.09575653076172
2016-04-01,719599,927824,429752,85928,36.4286003112793,4.9276885986328125,32.311588287353516,38.22531509399414
2016-05-01,745119,849858,304296,115705,35.52241516113281,4.9276885986328125,32.842689514160156,34.425132751464844
2016-06-01,736847,856158,291070,98825,35.8848876953125,5.3524885177612305,34.606056213378906,36.00144958496094
2016-07-01,800743,1009606,450650,89115,35.341182708740234,5.310009002685547,35.48774337768555,33.73720932006836
2016-08-01,746257,1037009,441046,87876,35.79426956176758,5.6923298835754395,35.928585052490234,37.35999298095703
2016-09-01,739015,783134,311746,82846,36.4286003112793,6.372010231018066,36.36941909790039,37.58641815185547
2016-10-01,674718,568376,459395,86987,36.1567497253418,6.074650764465332,34.38563537597656,35.322174072265625
2016-11-01,710057,517667,606798,89594,34.52561950683594,5.989690780639648,33.94479751586914,34.416481018066406
2016-12-01,893754,648188,776688,108288,36.4286003112793,5.6923298835754395,33.063114166259766,37.35999298095703
2017-01-01,686774,971904,809763,104008,36.692657470703125,5.257800102233887,31.52016830444336,36.00144958496094
2017-02-01,656895,909840,743037,91183,38.16773986816406,5.301253318786621,30.63848304748535,33.73720932006836
2017-03-01,773938,903528,652128,99253,35.724639892578125,5.257800102233887,30.197641372680664,32.6050910949707
2017-04-01,821946,887478,515152,90316,36.18559646606445,5.605423927307129,32.401851654052734,32.15224075317383
2017-05-01,815865,900276,296679,118257,37.10752487182617,5.388158798217773,33.1521110534668,31.472970962524414
2017-06-01,880041,912367,303493,117614,39.181861877441406,5.388158798217773,33.374610900878906,33.35566711425781
2017-07-01,845122,1048127,461001,102980,43.56100845336914,5.431612014770508,35.82208251953125,34.9659423828125
2017-08-01,900552,1096826,450911,97634,47.47919845581055,5.51851749420166,37.6020622253418,37.496376037597656
2017-09-01,781992,849008,315166,98684,50.24496841430664,5.388158798217773,35.37709426879883,37.496376037597656
2017-10-01,722022,915662,474554,109270,54.393638610839844,5.6923298835754395,36.2670783996582,40.94696044921875
2017-11-01,780322,904462,651650,116900,54.8546028137207,5.561971187591553,38.49205017089844,42.0971565246582
2017-12-01,980110,968346,823575,135597,57.389896392822266,5.51747465133667,38.71455001831055,49.228370666503906
2018-01-01,743148,1095133,885530,128626,63.56563949584961,5.472978591918945,38.93704605102539,53.59911346435547
2018-02-01,701983,1350455,826799,103692,65.4352035522461,5.072516441345215,39.159542083740234,47.618099212646484
2018-03-01,850039,1127257,774363,116207,66.13629913330078,4.939029216766357,36.04457473754883,47.158023834228516
2018-04-01,807120,1129743,502328,118730,63.09824752807617,4.583063125610352,34.04210662841797,45.31770706176758
2018-05-01,805538,1016971,299027,148307,66.60369110107422,5.206004619598389,36.18392562866211,48.30821228027344
2018-06-01,955915,1079548,294218,144200,64.03302764892578,5.070912837982178,29.216829299926758,42.14279556274414
2018-07-01,846505,1116828,456512,129183,58.89168930053711,4.609921455383301,29.216829299926758,40.04729461669922
2018-08-01,928278,1077638,443631,129122,61.929752349853516,4.222687244415283,34.161216735839844,40.74579620361328
2018-09-01,856221,800869,327291,122202,62.39714813232422,4.1120500564575195,35.50968551635742,37.02046585083008
2018-10-01,815201,789928,457772,114897,61.228660583496094,4.0698370933532715,36.858154296875,38.88312911987305
2018-11-01,928130,821408,667963,140888,59.82647705078125,3.803586006164551,32.812747955322266,37.48612976074219
2018-12-01,1111895,1009646,853813,166825,59.59278106689453,4.126891136169434,32.588008880615234,39.348793029785156
2019-01-01,755230,1205330,889904,162537,61.0540771484375,3.993765115737915,30.565303802490234,37.2532958984375
2019-02-01,804738,1239842,830824,121244,65.56780242919922,4.0698370933532715,34.83544921875,40.04729461669922
2019-03-01,847962,1138612,716534,159577,64.14241027832031,4.393142223358154,34.83544921875,41.6771240234375
2019-04-01,886966,1072987,524321,162256,64.61754608154297,3.8986759185791016,35.06019592285156,40.74579620361328
2019-05-01,875657,953205,282815,169564,65.09268188476562,4.050818920135498,34.07276916503906,39.8144645690918
2019-06-01,984686,1027558,292882,189733,60.578948974609375,3.803586006164551,35.20852279663086,31.917770385742188
2019-07-01,927940,1191440,436389,159355,69.84396362304688,3.8416221141815186,37.25288772583008,33.5727653503418
2019-08-01,959163,1264424,422141,166062,68.4185791015625,3.6514430046081543,36.571434020996094,32.154197692871094
2019-09-01,869375,1019937,302927,151635,68.4185791015625,3.0428690910339355,34.527061462402344,30.262773513793945
2019-10-01,888040,983442,471748,160348,71.03177642822266,2.8907248973846436,34.07276916503906,31.208484649658203
2019-11-01,946421,959997,682804,172949,74.3576889038086,2.4342949390411377,32.70985412597656,26.00707244873047
2019-12-01,1132174,1037552,872176,185810,71.7444839477539,2.0919721126556396,34.98136901855469,26.243499755859375
2020-01-01,836857,1215777,919980,161309,71.56529998779297,2.1300079822540283,32.70985412597656,23.642791748046875
2020-02-01,538809,257321,797470,86506,67.95088195800781,1.6545599699020386,27.939668655395508,20.521944046020508
2020-03-01,268147,73955,352162,16319,57.58958053588867,1.2266559600830078,24.986692428588867,17.022811889648438
2020-10-01,608,1962,2165,158,54.457096099853516,1.7116130590438843,18.448740005493164,21.278512954711914
2020-11-01,944,2948,3278,421,49.87884521484375,1.3597819805145264,15.40469741821289,18.630521774291992
2020-12-01,818,3411,6302,510,61.685909271240234,1.9398289918899536,22.87643814086914,22.98079490661621
2021-01-01,901,2022,6220,434,60.1717529296875,2.2441160678863525,23.752748489379883,22.413366317749023
2021-02-01,883,2141,3986,278,57.51356506347656,2.3582229614257812,22.87643814086914,23.359079360961914
2021-03-01,1507,4079,3858,508,61.86333084106445,2.4913489818573,27.903717041015625,31.444915771484375
2021-04-01,1607,3088,4586,486,66.69640350341797,2.681528091430664,29.979202270507812,34.51847839355469
2021-05-01,1475,1435,3035,49,59.93009948730469,2.396259069442749,27.673107147216797,30.026348114013672
2021-06-01,1886,1334,2634,17,60.89671325683594,2.510366916656494,29.517982482910156,31.444915771484375
2021-07-01,1445,2274,11281,230,59.93009948730469,2.681528091430664,27.673107147216797,31.208484649658203
2021-08-01,1052,2291,11921,136,54.61372375488281,2.263134002685547,27.4424991607666,26.952783584594727
2021-09-01,1517,1983,8941,288,61.62167739868164,2.6434919834136963,30.20981216430664,31.444915771484375
2021-10-01,1764,1996,16486,1130,58.9634895324707,2.56742000579834,29.056764602661133,32.390628814697266
2021-11-01,7479,4057,60814,1757,62.34663772583008,2.776618003845215,30.20981216430664,34.045623779296875
2021-12-01,17148,6092,158232,5551,57.755218505859375,2.3201870918273926,25.13640594482422,29.08063507080078
2022-01-01,9603,3126,92993,1003,58.9634895324707,2.5399999618530273,26.520061492919922,29.553491592407227
2022-02-01,15974,5328,98423,1944,61.62167739868164,2.5,28.134323120117188,33.099910736083984
2022-03-01,30226,7350,102763,11363,62.104984283447266,2.5199999809265137,28.36493492126465,32.627052307128906
2022-04-01,55316,11300,121867,26108,64.03821563720703,2.5799999237060547,30.901636123657227,38.06489562988281
2022-05-01,183794,19187,100431,76326,64.52152252197266,2.8399999141693115,32.28529357910156,43.97559356689453
2022-06-01,339890,26928,123921,110746,67.4213638305664,2.819999933242798,32.28529357910156,39.71989440917969
2022-07-01,526462,37243,207074,104336,68.62963104248047,2.880000114440918,31.362855911254883,41.61131286621094
2022-08-01,557552,43205,216422,111432,67.90467071533203,2.680000066757202,30.901636123657227,39.71989440917969
2022-09-01,652415,47376,197087,114592,70.32121276855469,2.8399999141693115,30.20981216430664,40.429176330566406
2022-10-01,684128,71500,295291,124877,70.07955169677734,2.880000114440918,24.444578170776367,46.339874267578125
2022-11-01,665430,95283,457073,144434,71.52947998046875,3.200000047683716,26.0588436126709,47.994869232177734
2022-12-01,865308,141533,621843,154834,72.49608612060547,3.0799999237060547,28.36493492126465,46.81272888183594
2023-01-01,665011,202002,705869,103316,72.49608612060547,3.059999942779541,29.748594284057617,47.52201461791992
2023-02-01,631437,242038,684551,99808,71.77113342285156,3.0999999046325684,30.67102813720703,49.177005767822266
2023-03-01,746317,374034,614862,119474,70.32121276855469,2.859999895095825,30.901636123657227,53.43271255493164
2023-04-01,793779,456405,430530,133312,68.62963104248047,2.819999933242798,29.748594284057617,52.95985412597656
2023-05-01,805470,399562,281416,149053,70.80451202392578,2.700000047683716,29.292997360229492,51.77771759033203
2023-06-01,912287,462978,264803,156500,68.38797760009766,2.700000047683716,31.385356903076172,47.52201461791992
2023-07-01,852982,578342,386750,128070,69.59625244140625,2.6600000858306885,31.85032081604004,46.81272888183594
2023-08-01,910233,536101,377847,130667,69.1129379272461,2.7200000286102295,30.687904357910156,44.68487548828125
2023-09-01,822526,410842,308405,142051,70.07955169677734,2.880000114440918,31.152868270874023,45.15773391723633
2023-10-01,766165,416616,430354,141878,67.4213638305664,2.5799999237060547,29.27901268005371,44.44845199584961
2023-11-01,853426,436379,660728,148212,64.52152252197266,1.8300000429153442,26.23399543762207,42.55702590942383
2023-12-01,1063015,573650,816116,176201,57.51356506347656,1.909999966621399,25.53129768371582,39.95631790161133
